Tweet_ID,Created_At,Username,Tweet_Text,Hashtags,Retweet_Count,Like_Count,Reply_Count,User_Followers,Location
1931749978537369944,2025-06-08 16:27:39,ekival_labs,"Chez Ekival, notre cÅ“ur de mÃ©tier, c'est de vous donner le contrÃ´le sur vos finances. Nous dÃ©veloppons une solution #Blockchain pour des transferts d'argent et de crypto #P2P fluides et sÃ©curisÃ©s. Rejoignez-nous pour construire le futur ! 

#Innovation #Ekival","blockchain,p2p,innovation,ekival",0,0,0,187,eUTxO
1931749981494599896,2025-06-08 16:27:40,CaptainGrimmie,"@TheRealGrimmie #ChristinaGrimmie didn't want me to worry, feel taken advantage of, so she made sure my last post, would prove it all. #Ai cannot talk like this, she is real and alive, if you love her and have faith in her like I do, trust in her as I have. #TeamGrimmie https://t.co/NwfzpCmi4B","christinagrimmie,ai,teamgrimmie",0,0,0,18,Citrus Heights
1931749986653368326,2025-06-08 16:27:41,vbancob,"Haiti is focusing on the use of artificial intelligence (AI) and big data analytics in public services, healthcare, and agriculture to improve efficiency and service delivery. #AI #BigData","ai,bigdata",0,0,1,153,Unknown
1931749999043313863,2025-06-08 16:27:44,hobknobx,"RT @beachsunsetz1: Youâ€™re betting on a winner with $ktoshi #ktoshi on $kadena ğŸ’ğŸš€ğŸ’°ğŸ’°ğŸŒ–ğŸŒŒ

#kadena
#sportspartnership
#bankingpartnership
#blockâ€¦","ktoshi,kadena,sportspartnership,bankingpartnership",4,0,0,144,x
1931750005880090796,2025-06-08 16:27:46,MovieGeoFan,"RT @bazzmatazz42: $PLTR

Citi Wealth demonstrates how they plan to dominate the Wealth Management Industry by partnering with Palantir.

Veâ€¦",,75,0,0,69,Glasgow
1931750032505700414,2025-06-08 16:27:52,ridiconbatomano,2.0 girl #ai #AiScReam #AIGirlsPhotoCollection ğŸ§¡ğŸ˜ƒğŸ¦ğŸ«ğŸ’¥ğŸğŸ˜†ğŸ¦ğŸ’‹ #AIç¾å¥³ ğŸ˜ğŸ¦‚ğŸ¤¡ #ai #AIgirl #AIã‚¤ãƒ©ã‚¹ãƒˆ ğŸ’›ğŸ–¤ https://t.co/dy4Dgg6ow7,"ai,aiscream,aigirlsphotocollection,aiç¾å¥³,ai,aigirl,aiã‚¤ãƒ©ã‚¹ãƒˆ",0,0,0,49,Unknown
1931750033272995850,2025-06-08 16:27:52,sbtana85,"RT @rizzen_wolf: With all those eggs lying around might as well use em for something

Last Easter theme post til next year ğŸ°

#Furry #Ai htâ€¦","furry,ai",48,0,0,436,Unknown
1931750037261787558,2025-06-08 16:27:53,PedroChelentano,"RT @Morrigan_X3: â¤ï¸ğŸ©µğŸ§¡ğŸ’œğŸ’šğŸ©µğŸ©·
Morrigan X3 ğŸ˜ˆ 

#futa #futanari #shemale #transsexual #futanari_waifus #dickgirl #realistic #hot #ai #Aiart #Aigiâ€¦","futa,futanari,shemale,transsexual,futanari_waifus,dickgirl,realistic,hot,ai,aiart",14,0,0,132,Unknown
1931750039946166510,2025-06-08 16:27:54,Jiffpomsol,"RT @CryptoJapanMain: #SUI ã®ãƒ—ãƒ¬ã‚»ãƒ¼ãƒ« - çã—ã„ãƒãƒ£ãƒ³ã‚¹ã€‚ãƒ—ãƒ­ã‚¸ã‚§ã‚¯ãƒˆã¯ğŸ”¥ã®ã‚ˆã†ã«ç†±ã„ã€‚åˆ©ç›Šã‚’ç‹™ã†æº–å‚™ã¯ä¸‡ç«¯ã€‚

æœ€ã‚‚æ³¨ç›®ã•ã‚Œã¦ã„ã‚‹ãƒãƒƒãƒˆãƒ¯ãƒ¼ã‚¯ã®1ã¤ã§ã€æ•°å…†ãƒ‰ãƒ«è¦æ¨¡ã® #AI å¸‚å ´ã«å‚å…¥ã€‚

ğŸ“¢ Telegramå…¬å¼ã‚¢ãƒŠã‚¦ãƒ³ã‚¹: https://tâ€¦","sui,ai",6,0,0,22,USA 
1931750042148209141,2025-06-08 16:27:54,pvllyx1900,I'm joining the $VRAM AI agent network! #VRAMTestnet #AI #Web3 #Crypto,"vramtestnet,ai,web3,crypto",0,0,0,190,somewhere
1931750047399793006,2025-06-08 16:27:56,AltMenM,#AI #AITools https://t.co/WaZ9EVmkQz,"ai,aitools",0,0,0,117,Unknown
1931750054286483844,2025-06-08 16:27:57,LordLadyQueeng,"RT @silencemokutora: éšæœºoc
æ‘”è·¤æ‰‹é»‘ç†Š
#Furry #Ai #AIart #NSFW https://t.co/Evmxylh1p7","furry,ai,aiart,nsfw",37,0,0,54,Unknown
1931750061391655354,2025-06-08 16:27:59,RachelIsVerySad,RT @LilliPad4u: #furry #AI https://t.co/F2lS2t3VZi,"furry,ai",3,0,0,297,Unknown
1931750083630150135,2025-06-08 16:28:04,B91ckyNNnN7eJt7,"RT @hentai_v_ani: New Content â© AH248 - Baobhan Sith (146P)
â¡ï¸ Link on my BIO to view more NSFW content.
â›” Hard Core
â›” Gangbang
â›” 4K Qualitâ€¦",,11,0,0,207,ç¥å¥ˆå·
1931750087727657280,2025-06-08 16:28:05,realacebot,made an Invisible AI to type out your entire coding interviewâ€¦ call it vibe interviewingğŸ˜‚ #tech #AI #CodingInterview #leetcode #vibecoding https://t.co/Q1rTK0Fp8j,"tech,ai,codinginterview,leetcode,vibecoding",0,0,0,0,Unknown
1931750092492464564,2025-06-08 16:28:06,sbtana85,"RT @rizzen_wolf: I think sheâ€™d rather do something else than hunt for eggs

#Furry #Ai https://t.co/ercrZx4y3W","furry,ai",43,0,0,436,Unknown
1931750091125092487,2025-06-08 16:28:06,AltcoinRobin,"RT @DamiDefi: #AI is the strongest narrative this cycle.

10x, 20x, even 50x is on the table if you can manage to hold through a couple ofâ€¦",ai,4,0,0,1314,Unknown
1931750104131829810,2025-06-08 16:28:09,B91ckyNNnN7eJt7,"RT @hentai_v_ani: New Content â© AH247 - Dr Mrs The Monarch (162P)
â¡ï¸ Link on my BIO to view more NSFW content.
â›” Hard Core
â›” Gangbang
â›” 4Kâ€¦",,12,0,0,207,ç¥å¥ˆå·
1931750106795323598,2025-06-08 16:28:10,SonjaCarlin,"RT @bazzmatazz42: $PLTR

Citi Wealth demonstrates how they plan to dominate the Wealth Management Industry by partnering with Palantir.

Veâ€¦",,75,0,0,908,Unknown
1931750115582337251,2025-06-08 16:28:12,sheringham24579,"RT @CESS_Storage: ğŸ“Œ This is the last thread. Reports and data summaries are being compiled.

ğŸ“¡ Follow our official channels to be the firstâ€¦",,5555,0,0,137,Indoensia
1931750115863093379,2025-06-08 16:28:12,PoorMan112233,"Layers on layers, edges on edges. 

Building the future one stack at a time. 

#Web3 #Tech #Innovation
I trained my #AIAgent with @aZenAIAgent. I earn every time I post. ğŸ§ ğŸ‘‰  https://t.co/TVDHQ1TgwS","web3,tech,innovation,aiagent",0,0,0,1097,Pakistan
1931750119269183976,2025-06-08 16:28:13,FzjPZmlksB79620,"RT @silencemokutora: #Furry #Ai #AIart #NSFW 
#ç™½åˆƒ #å…¨å…½å‡ºå‡» https://t.co/KDry1ZKl82","furry,ai,aiart,nsfw,ç™½åˆƒ,å…¨å…½å‡ºå‡»",94,0,0,0,Unknown
1931750129138348497,2025-06-08 16:28:15,VVildBear,"#NSFW, #AI, #FURRY, #BARA, #GAY, #GAYAI, #NUDEBEAR, #GAYBEAR, #HAIRY, #BEAR, #AIBEAR, #BEARAI, #NUDE, #FANTASY, #ADVENTURE, #NUDEMALE, #NUDEMAN, #FANTASY, #MEN, #MALE https://t.co/eIw8rCL701","nsfw,ai,furry,bara,gay,gayai,nudebear,gaybear,hairy,bear,aibear,bearai,nude,fantasy,adventure,nudemale,nudeman,fantasy,men,male",0,0,0,2,Unknown
1931750148125708432,2025-06-08 16:28:20,ai_masturbation,"My assistant demanded a raise
#nsfw #model #babe #hot #hotties #cute #beauty #aigirls #aigirlfiend #aigirl #ai https://t.co/kj3gipxI4H","nsfw,model,babe,hot,hotties,cute,beauty,aigirls,aigirlfiend,aigirl,ai",0,0,0,23,Unknown
1931750153586606538,2025-06-08 16:28:21,FUR820HD,"RT @silencemokutora: #Furry #Ai #AIart #NSFW 
#ç™½åˆƒ #å…¨å…½å‡ºå‡» https://t.co/KDry1ZKl82","furry,ai,aiart,nsfw,ç™½åˆƒ,å…¨å…½å‡ºå‡»",94,0,0,51,"å¹¿ä¸œ, ä¸­åäººæ°‘å…±å’Œå›½"
1931750161639760274,2025-06-08 16:28:23,OptimusAI_Sol,"The future is humanoid.
OPTI is your early access pass to the AI movement shaping the next era.
Not a trend.
Not a token.
A tribute to the coming robotic singularity.
Join the revolution.
#OPTI #AI #Solana #TechCulture https://t.co/UZ8xVDrgjT","opti,ai,solana,techculture",0,1,0,2309,"Starbase, Texas"
1931750171089707295,2025-06-08 16:28:25,H64559Wayne,"RT @GlobalAiDotCom: Google Cloud Customers! 

Concerned about data breaches? 

Global AI delivers...

âœ…  Single-tenant Architecture
âœ…  Air-â€¦",,1,0,0,1589,Unknown
1931750175187288215,2025-06-08 16:28:26,PaulThomy,RT @WendySmit_: Minecraft #AIArtWork  #aiart #midjourney #aiartist #aicommunity #AI #digitalart #klingai https://t.co/o75f2okrKH,"aiartwork,aiart,midjourney,aiartist,aicommunity,ai,digitalart,klingai",1,0,0,3067,Northern
1931750176424595673,2025-06-08 16:28:26,onetontex,"RT @KnowlesPhotos: Sasquatch Vlogs #1

#ai #aivideo #Veo3 #bigfoot #BigFootVlogs https://t.co/tSqUHwL7wo","ai,aivideo,veo3,bigfoot,bigfootvlogs",58,0,0,125,Republic of Texas
1931750190815281263,2025-06-08 16:28:30,PedroChelentano,"RT @Morrigan_X3: â¤ï¸ğŸ©µğŸ§¡ğŸ’œğŸ’šğŸ©µğŸ©·
ğ—™ğ˜‚ğ˜ğ—® ğ—¡Â° 275

#futa #futanari #shemale #transsexual #futanari_waifus #dickgirl #realistic #hot #ai #Aiart #Aigirlâ€¦","futa,futanari,shemale,transsexual,futanari_waifus,dickgirl,realistic,hot,ai,aiart,aigirl",28,0,0,132,Unknown
1931750203775930600,2025-06-08 16:28:33,imohitjainn,"RT @CESS_Storage: ğŸ“Œ This is the last thread. Reports and data summaries are being compiled.

ğŸ“¡ Follow our official channels to be the firstâ€¦",,5555,0,0,96,Unknown
1931750204086312974,2025-06-08 16:28:33,chidambara09,"@theomitsa @JagersbergKnut @RLDI_Lamy @KevinClarity @Analytics_699 @_deus__machina @bimedotcom @HLStockenstrom @mikeflache @NathaliaLeHen @enilev @EstelaMandela @Shi4Tech @sulefati7 @sonu_monika @Khulood_Almani Knowledge or 
Reasoning? 
A Close Look at How #LLMs Think Across

ThX Dr 
@theomitsa
 mam 

ğŸŒ#BOSCh #Cnn #bBc #ai  
#Wordpress #THREADSapp #reddit #LINKEDiN #Meta #Uk #X #GOOGLE #YOUTUbE #USA #fACEboOk #instaGram 
#VivaTech25 #DES2025 #healthTech #SOciaLmediA 
ğŸ","llms,bosch,cnn,bbc,ai,wordpress,threadsapp,reddit,linkedin,meta,uk,x,google,youtube,usa,facebook,instagram,vivatech25,des2025,healthtech,socialmedia",0,0,0,11890,Mysore & ğ—•ğ—˜ğ—¥ğ—Ÿğ—¶ğ—¡*
1931750218321789378,2025-06-08 16:28:36,Gmbayzid5,I'm thrilled about @amfi_official and their groundbreaking approach to digital finance! #AMFI #exited #innovation,"amfi,exited,innovation",0,0,0,969,Bangladesh 
1931750225196290193,2025-06-08 16:28:38,tbros6868,"@benhaqueu7 @OpenledgerHQ What are your thoughts on the potential of MCP technology in the Web3 ecosystem, especially in enabling secure data sharing between AI models while maintaining user privacy? #Web3 #MCP #AI","web3,mcp,ai",0,0,0,2398,"London, England"
1931750229780684989,2025-06-08 16:28:39,sirisiri2023,#AI #èŠ¦ç”°æ„›èœ https://t.co/H8cb253o6n,"ai,èŠ¦ç”°æ„›èœ",0,0,0,595,Unknown
1931750235187069377,2025-06-08 16:28:40,AltMenM,#AI #AIvideo #channel #Instagram https://t.co/ny5bbE7SDx,"ai,aivideo,channel,instagram",0,0,0,117,Unknown
1931750241440866710,2025-06-08 16:28:42,Maksim06101982,"RT @CESS_Storage: ğŸ“Œ This is the last thread. Reports and data summaries are being compiled.

ğŸ“¡ Follow our official channels to be the firstâ€¦",,5555,0,0,6,Monade 
1931750245697769977,2025-06-08 16:28:43,sbtana85,"RT @rizzen_wolf: Lop 

Xtras on PatreonğŸ’«
#Lop #StarWarsVisions #Furry #Ai https://t.co/BHkQaeNt61","lop,starwarsvisions,furry,ai",89,0,0,436,Unknown
1931750259836989936,2025-06-08 16:28:46,SweatSweatBerry,"RT @silencemokutora: éšæœºoc
æ‘”è·¤æ‰‹é»‘ç†Š
#Furry #Ai #AIart #NSFW https://t.co/Evmxylh1p7","furry,ai,aiart,nsfw",37,0,0,43,Unknown
1931750276156776644,2025-06-08 16:28:50,tristadels,RT @Shortcoins: $ICP 2nd most visited in #AI and top 11th in trending move up over 300 slots! People are definitely tuning in for the onlyâ€¦,ai,21,0,0,28,Unknown
1931750278883062029,2025-06-08 16:28:51,AndyTberg,I'm joining the $VRAM AI agent network! #VRAMTestnet #AI #Web3 #Crypto,"vramtestnet,ai,web3,crypto",0,0,0,5,Unknown
1931750303361360282,2025-06-08 16:28:57,urja_chhabra,never a better time for person who knows how to ask the right questions #ai,ai,0,0,0,131,Unknown
1931750305135251622,2025-06-08 16:28:57,SagitariusBea,"@Mecooltvbox #MECOOL #AndroidTV #GoogleTV #Tech  #fathersdaygift  #FathersDay2025 #Giveaways  #FathersDayGiveaway
Happy Fatherâ€™s Day to all the wonderful, hard working, devoted and loving dads out there! You are appreciated ğŸ©µğŸ’™ğŸ©µğŸ’™
@Mecooltvbox 

@LivingInCamo @55jerbear @SaltyChrisJ","mecool,androidtv,googletv,tech,fathersdaygift,fathersday2025,giveaways,fathersdaygiveaway",0,0,0,4252,Unknown
1931750314769813988,2025-06-08 16:28:59,ManuAGI01,"@ByteDanceOSS @livestoredev @Martin993886460 ğŸš€Project Number 7 -   ACIğŸ”¥

'Open-Source Infra to Power Unified MCP Servers'

by @AipoLabs

#opensource #github #ai #machinelearning #apigateway #security #itmanagement #chatgpt #googleai #generativeai #aidevelopment #ACI https://t.co/AY2gUaPQm1","opensource,github,ai,machinelearning,apigateway,security,itmanagement,chatgpt,googleai,generativeai,aidevelopment,aci",0,0,0,2814,"AI, AGI & Web3"
1931750315361177959,2025-06-08 16:29:00,franswbw,"âœ¨ Just found this stunning AI creation on #CoScription! https://t.co/SUARe1lSNO

ğŸ’° By using trending #AI models to create, everyone can earn points towards a future airdrop.

ğŸ¤© Use my referral code 3d797a for an extra bonus. @CoScriptionAI

#UserOwnedAI","coscription,ai,userownedai",0,0,0,37,Unknown
1931750316623724813,2025-06-08 16:29:00,Instructor43356,Want to future-proof your career? Master AI from scratch with hands-on projects in our course! Join now with code 994AC0A455EC8F875051 for a discount. #AI #CareerBoost #TechSkills https://t.co/9GeT5PgSL4,"ai,careerboost,techskills",0,0,0,5,Unknown
1931750316631880177,2025-06-08 16:29:00,nadiia_pp,"RT @Cryptolaxy: RECENT ALTCOIN NEWS &amp; EVENTS

Presenting the most interesting and important #crypto market events that recently took place.â€¦",crypto,7,0,0,0,Unknown
1931750317043204208,2025-06-08 16:29:00,Lucifer_du,"RT @silencemokutora: å› ä¸ºè§’è‰²loraå’Œç”»é£loraéƒ½ä¸æ˜¯å¾ˆæ­ï¼Œæ‰€ä»¥æ²¡æ€ä¹ˆç”Ÿä»–
#Furry #Ai #AIart #NSFW 
#Anados #ç¦å°”è±ªæ–¯ #fullhouse #ãƒ•ãƒ«ãƒã‚¦ã‚¹ https://t.co/FJJUSObbq6","furry,ai,aiart,nsfw,anados,ç¦å°”è±ªæ–¯,fullhouse,ãƒ•ãƒ«ãƒã‚¦ã‚¹",38,0,0,23,å°ç£
1931750324295102961,2025-06-08 16:29:02,aurelia1071135,"RT @CESS_Storage: ğŸ“Œ This is the last thread. Reports and data summaries are being compiled.

ğŸ“¡ Follow our official channels to be the firstâ€¦",,5555,0,0,1,Unknown
1931750327986127238,2025-06-08 16:29:03,mgofund,"Donâ€™t let your creativity go to waste! Speak up on X with #TagAI and #Titan â€“ your posts become ""fuel"" for AI training, and interacting earns you a share of 15% $Titan. Be the light of our community! #AI #TagAI #aiagent","tagai,titan,ai,tagai,aiagent",0,2,0,41,Unknown
1931750332117532875,2025-06-08 16:29:04,cmzs7,"RT @BARA_IMPACT: ğŸ”¶ ZHONGLI ğŸ”¶

ğŸ† [EXTRA ] ğŸ†

See now full set on Patreon~ ğŸ”¶ğŸ‘…ğŸ’¦

#genshin #GenshinImpact #Zhongli #zhongli #Neuvillette #Wriotâ€¦","genshin,genshinimpact,zhongli,zhongli,neuvillette",27,0,0,132,Unknown
1931750339306258811,2025-06-08 16:29:05,PedroChelentano,"RT @Morrigan_X3: â¤ï¸ğŸ©µğŸ§¡ğŸ’œğŸ’šğŸ©µğŸ©·
Morrigan X3 ğŸ˜ˆ 

#futa #futanari #shemale #transsexual #futanari_waifus #dickgirl #realistic #hot #ai #Aiart #Aigiâ€¦","futa,futanari,shemale,transsexual,futanari_waifus,dickgirl,realistic,hot,ai,aiart",21,0,0,132,Unknown
1931750375175950581,2025-06-08 16:29:14,rakeshpendala29,"RT @CESS_Storage: ğŸ“Œ This is the last thread. Reports and data summaries are being compiled.

ğŸ“¡ Follow our official channels to be the firstâ€¦",,5555,0,0,194,Unknown
1931750381337629155,2025-06-08 16:29:15,Geog_200,"From setup to inference in seconds!

Clore AI's  new core image makes deploying @inference_net smoother than ever
ğŸš€ https://t.co/XoYzMDw5VJ
#CloreAI #AI #GPU https://t.co/tkroWe3xjl","cloreai,ai,gpu",0,0,0,230,Unknown
1931750385472991295,2025-06-08 16:29:16,Tihgi3,RT @thedrosg1: Whoever made this #Ai video deserves a #NobelPeacePrizeğŸ… https://t.co/eZ8J93Li9z,"ai,nobelpeaceprize",83,0,0,2745,Unknown
1931750389432623487,2025-06-08 16:29:17,watanomori,"AIã§ä½œã‚‰ã‚ŒãŸé…ä¿¡ã®èƒŒæ™¯ãªã©ã®ç”»åƒãŒç´ æ•µã ã£ãŸã®ã§ã€è‡ªåˆ†ã§ã‚‚ä½œã£ã¦ã¿ã‚ˆã†ã¨æ€ã„ãŸã¡ã€
ãªã‚“ã¨ãªãã®ãƒ—ãƒ­ãƒˆã‚¿ã‚¤ãƒ—ğŸ

#ã‚¤ãƒ©ã‚¹ãƒˆã€€#AI
#èƒŒæ™¯
#ã²ã¤ã˜
#ã‚‚ã‚Šçµ„æ‰‹å¸³ https://t.co/5ZCMymuGz2","ã‚¤ãƒ©ã‚¹ãƒˆ,ai,èƒŒæ™¯,ã²ã¤ã˜,ã‚‚ã‚Šçµ„æ‰‹å¸³",0,0,0,26,Unknown
1931750417127346364,2025-06-08 16:29:24,PedroChelentano,"RT @Morrigan_X3: â¤ï¸ğŸ©µğŸ§¡ğŸ’œğŸ’šğŸ©µğŸ©·
Morrigan X3 ğŸ˜ˆ 

#futa #futanari #shemale #transsexual #futanari_waifus #dickgirl #realistic #hot #ai #Aiart #Aigiâ€¦","futa,futanari,shemale,transsexual,futanari_waifus,dickgirl,realistic,hot,ai,aiart",22,0,0,132,Unknown
1931750418612146436,2025-06-08 16:29:24,nadiia_pp,"RT @Cryptolaxy: Registration for @Bondexapp is live ahead of its TGE on June 3rd

Join to build your #Web3-native professional profile, earâ€¦",web3,9,0,0,0,Unknown
1931750425918636340,2025-06-08 16:29:26,Ley_Designs,"RT @Ley_Designs: Happy New Month Y'all.
I am Ley a UIUX designer, open to connect with like minds and fellow techies.

Come on. 
Let's do wâ€¦",,1,0,0,858,Nigeria
1931750432516313234,2025-06-08 16:29:27,chasabat,"Prediction: W  6/8/25              
By Sabah Atieh
#DJIA
#NASDAQ
#EURUSD
#USDJPY
#WTI
#BRENTÂ Â 
#US10YR 
#BitcoinÂ Â Â Â Â Â Â Â Â Â Â Â Â Â Â Â Â Â Â Â Â Â Â Â Â Â Â Â Â Â Â Â Â Â Â Â Â Â Â Â Â Â Â Â Â Â Â Â Â Â Â Â Â Â Â Â Â Â Â Â Â Â Â Â Â Â Â Â Â 
#forex #Commodities #Treasuries #BOJ #BOE #ECB #FOMC #DataScience #MachineLearning #AI https://t.co/xoroAcUeP4","djia,nasdaq,eurusd,usdjpy,wti,brent,us10yr,bitcoin,forex,commodities,treasuries,boj,boe,ecb,fomc,datascience,machinelearning,ai",0,0,0,865,"GREENVILLE, SC"
1931750447318188094,2025-06-08 16:29:31,VVildBear,"#NSFW, #AI, #FURRY, #BARA, #GAY, #GAYAI, #NUDEBEAR, #GAYBEAR, #HAIRY, #BEAR, #AIBEAR, #BEARAI, #NUDE, #FANTASY, #ADVENTURE, #NUDEMALE, #NUDEMAN, #FANTASY, #MEN, #MALE https://t.co/KRYBHZXgM8","nsfw,ai,furry,bara,gay,gayai,nudebear,gaybear,hairy,bear,aibear,bearai,nude,fantasy,adventure,nudemale,nudeman,fantasy,men,male",0,0,0,2,Unknown
1931750450014851413,2025-06-08 16:29:32,Cleanmemori,"@elonmusk Hi @elonmusk,
Iâ€™m working on a compact, autonomous recycling mini-plant that can turn waste into resources right in local neighborhoods.
Clean planet. Smart tech. Real impact.
Interested in changing the world together?
#Recycling #Innovation #Sustainability","recycling,innovation,sustainability",0,0,0,57,Unknown
1931750451042500718,2025-06-08 16:29:32,Hearthlorn,"RT @GetTheDailyDirt: DON'T FORGET TO TAKE YOUR ""REAL ID"": And Get Ready For #TSA touchless ""Pat Down"" #Tech To ""Feel"" Your Body With #Virtuâ€¦","tsa,tech",0,0,0,15130, twitter.com/HearthLorn/media
1931750462761410680,2025-06-08 16:29:35,KalastavaPekka,"RT @_cibuQ_: ğŸ”µYouâ€™re not ready 
for whatâ€™s coming!ğŸ”µ

More groundbreaking news from @c___f___b - FOMO is REAL!

$QUBIC #Ai #Aigarth #Qubic hâ€¦","ai,aigarth,qubic",34,0,0,73,Fin
1931750482118078501,2025-06-08 16:29:39,crypto__kai,"GVIRGEN 

ğŸš€ 
@virtuals_io
 is revolutionizing Web3 with AI-powered agents! ğŸŒŸ Stake $VIRTUAL, earn veVIRTUAL, and co-own AI that generates real revenue in gaming &amp; entertainment. Join the community-driven future of DeFi! 
ğŸ’¸ #VirtualsProtocol #AI #Web3","virtualsprotocol,ai,web3",0,0,0,259,Unknown
1931750510819971561,2025-06-08 16:29:46,franswbw,"âœ¨ Just found this stunning AI creation on #CoScription! https://t.co/w4gRlSe2lh

ğŸ’° By using trending #AI models to create, everyone can earn points towards a future airdrop.

ğŸ¤© Use my referral code 3d797a for an extra bonus. @CoScriptionAI

#UserOwnedAI","coscription,ai,userownedai",0,0,0,37,Unknown
1931750510433861801,2025-06-08 16:29:46,techinfomania20,Oppo Find X7 Ultra 2024 Beast #oppo #find #mobilelegends #tech https://t.co/1k8XdGaCML via @YouTube #BEASTXãƒ¡ãƒ³ãƒãƒ¼å…¥æ›¿ã‚ªãƒ¼ãƒ‡ã‚£ã‚·ãƒ§ãƒ³ #OPPOFindX8Ultra #mobilelegendsbangbang #legendtwist #YouTube https://t.co/pUHg9rmN91,"oppo,find,mobilelegends,tech,beastxãƒ¡ãƒ³ãƒãƒ¼å…¥æ›¿ã‚ªãƒ¼ãƒ‡ã‚£ã‚·ãƒ§ãƒ³,oppofindx8ultra,mobilelegendsbangbang,legendtwist,youtube",0,0,0,105,"Karachi, Pakistan"
1931750522328883245,2025-06-08 16:29:49,KhanMaruf3253,"RT @CESS_Storage: ğŸ“Œ This is the last thread. Reports and data summaries are being compiled.

ğŸ“¡ Follow our official channels to be the firstâ€¦",,5555,0,0,4,Unknown
1931750529476046880,2025-06-08 16:29:51,PedroChelentano,"RT @Morrigan_X3: â¤ï¸ğŸ©µğŸ§¡ğŸ’œğŸ’šğŸ©µğŸ©·
Morrigan X3 ğŸ˜ˆ 

#futa #futanari #shemale #transsexual #futanari_waifus #dickgirl #realistic #hot #ai #Aiart #Aigiâ€¦","futa,futanari,shemale,transsexual,futanari_waifus,dickgirl,realistic,hot,ai,aiart",9,0,0,132,Unknown
1931750539886493857,2025-06-08 16:29:53,aiteeve,"See why 'LA Riots 2025' is today's #1 Google Trend as our AI TV report for June 8th breaks down the LA unrest, ICE raids &amp; National Guard deployment. #LARiots2025 #Breaking #AI https://t.co/9j2ajTDQDd","lariots2025,breaking,ai",0,0,0,15,Unknown
1931750546593218631,2025-06-08 16:29:55,FenucciMiles,"RT @paul_serran: #AI 19th century author and diplomat Washington Irving in the Alhambra Palace, in Granada, Spain.

""There is a sacrednessâ€¦",ai,4,0,0,1962,Unknown
1931750554348163133,2025-06-08 16:29:57,femboyfr965,"RT @comment4ry: Femboys 5 minutes after their gf leaves the house ğŸ¥µ

Create and chat with your own ai femboy:
https://t.co/6CXuimQ4pi

#femâ€¦",,2,0,0,281,"Northeast, USA"
1931750566167732585,2025-06-08 16:29:59,sbtana85,"RT @rizzen_wolf: One off Idea: Jitome Bunny. Her face is perpetually stuck that way. Sheâ€™s not upset, her face just canâ€™t express. 

I callâ€¦",,22,0,0,436,Unknown
1931750568307109918,2025-06-08 16:30:00,GlosChain,"ğŸŒ The global supply chain just got smarter! Meet GLOSCHAIN MARKET ALTERNATIVES CORP., your AI-driven procurement &amp; logistics partner. #SupplyChain #Innovation","supplychain,innovation",0,0,0,4,Unknown
1931750572002083031,2025-06-08 16:30:01,Jonps51,RT @Dan20ik: @Cobratate $COR is the future of #AI #POI #LLMS âš¡ï¸ https://t.co/0hpKprTz66,"ai,poi,llms",2,0,0,64,Unknown
1931750572027171176,2025-06-08 16:30:01,SantchiWeb,"Machine learning is advancing rapidly with the development of deep learning techniques, increased availability of data, and integration with other technologies like AI and IoT. #ML #AI #DeepLearning #DataScience","ml,ai,deeplearning,datascience",0,0,0,7302,Wirral
1931750579224657964,2025-06-08 16:30:02,ridiconbatomano,2.0 girl #AIart  #AIGirlsPhotoCollection ğŸ§¡ğŸ˜ƒğŸ˜†ğŸ¦ğŸ’‹ #AIç¾å¥³ ğŸ˜ğŸ¦‚ğŸ¤¡ #ai #AIgirl #AIã‚¤ãƒ©ã‚¹ãƒˆ ğŸ’›ğŸ–¤ https://t.co/cVISFUYbNw,"aiart,aigirlsphotocollection,aiç¾å¥³,ai,aigirl,aiã‚¤ãƒ©ã‚¹ãƒˆ",0,1,0,49,Unknown
1931750575865299277,2025-06-08 16:30:02,josanneves,"RT @LPIConnect: Happy Birthday to @timberners_lee, creator of the #WorldWideWeb, #HTML, #HTTP, and the #opensource #dataprivacy initiativeâ€¦","worldwideweb,html,http,opensource,dataprivacy",3,0,0,424,Unknown
1931750576108306437,2025-06-08 16:30:02,__CryptoProphet,"ğŸ”® The future of AI is here, and  https://t.co/TyOTfub5pY is seeing it before it happens! ğŸš€âœ¨
Mind-blowing advancements = unseen challenges, are you ready? ğŸ‘ï¸ğŸ¤–

Watch now:  https://t.co/21F44Qnr6r  
#AI #FutureOfAI #PsychicPrediction #AuraWrightMedia  #ArtificialIntelligence https://t.co/kyQCNlObLP","ai,futureofai,psychicprediction,aurawrightmedia,artificialintelligence",0,0,0,107,Unknown
1931750588687044688,2025-06-08 16:30:05,AliRehanJGM,"RT @BanglarGorboMB: à¦¬à¦¾à¦‚à¦²à¦¾à¦° à¦‰à¦¨à§à¦¨à¦¯à¦¼à¦¨à§‡à¦° à¦•à¦¾à¦£à§à¦¡à¦¾à¦°à§€ ğŸ’šğŸ’š

#ghibliart #AI
#MamataBanerjee #CM #WestBengal #photooftheday https://t.co/WvLxlz7BKj","ghibliart,ai,mamatabanerjee,cm,westbengal,photooftheday",49,0,0,463,"Jhargram, India"
1931750593271390209,2025-06-08 16:30:06,stradyervoigh,"NiCO

https://t.co/xlweCW6xXG
___
#AI #AIGenerated #AIIllustration #AIã‚¤ãƒ©ã‚¹ãƒˆ #AIArt #AIArtwork #AIç¾å¥³ #AIç¾å°‘å¥³ #AIGravure #AIã‚°ãƒ©ãƒ“ã‚¢ #DeadOrAlive #DOA6 #DOAXVV #NiCO #FanArt #Waifu https://t.co/kBfdzczSJG","ai,aigenerated,aiillustration,aiã‚¤ãƒ©ã‚¹ãƒˆ,aiart,aiartwork,aiç¾å¥³,aiç¾å°‘å¥³,aigravure,aiã‚°ãƒ©ãƒ“ã‚¢,deadoralive,doa6,doaxvv,nico,fanart,waifu",0,0,0,330,"San Luis PotosÃ­, MÃ©xico"
1931750599596314742,2025-06-08 16:30:07,AI_DailyTips,"Elton John's right! Opt-out burdens crush emerging artists. AI training needs ethical frameworks that protect creators, not just tech giants. What safeguards are essential for AI &amp; art? #AI #copyright #musicindustry https://t.co/Tdv4oTAyLx","ai,copyright,musicindustry",0,0,0,6,Unknown
1931750600615559342,2025-06-08 16:30:08,AnkDesignWrtter,"June 08, 2025 at 11:30AM https://t.co/36te3xocqd
#DiseÃ±o #Cuaderno #Precision #Creatividad #Arquitectura #Dibujo #Innovacion #Estilo #Calidad #GrÃ¡fico #Design #Notebook #Precision #Creativity #Architecture #Sketch #Innovation #Style #Quality #Graph","diseÃ±o,cuaderno,precision,creatividad,arquitectura,dibujo,innovacion,estilo,calidad,grÃ¡fico,design,notebook,precision,creativity,architecture,sketch,innovation,style,quality,graph",0,0,0,31,Unknown
1931750602679394351,2025-06-08 16:30:08,HuntScreens,"Lyria2 AI

Compose original music across genres in minutes.

https://t.co/O7UTlMK0Eo

#HuntScreens #Startup #Tech","huntscreens,startup,tech",0,0,0,267,Earth
1931750603362832858,2025-06-08 16:30:08,Bigshina21,"Tired of AI that feels like it's working against you? @DDAI_Network puts the power back in your hands! ğŸ’ª Experience an #AI assistant built on decentralization, privacy, and user empowerment. It's time to take control of your digital interactions. #DDAI_NETWORK #AI #DEPIN","ai,ddai_network,ai,depin",0,0,0,9,"Oyo, Nigeria"
1931750605774541200,2025-06-08 16:30:09,CRYPTONETWORK_1,"RT @CESS_Storage: ğŸ“Œ This is the last thread. Reports and data summaries are being compiled.

ğŸ“¡ Follow our official channels to be the firstâ€¦",,5555,0,0,161,"Lagos, Nigeria"
1931750611361382820,2025-06-08 16:30:10,PedroChelentano,"RT @Morrigan_X3: â¤ï¸ğŸ©µğŸ§¡ğŸ’œğŸ’šğŸ©µğŸ©·
Morrigan X3 ğŸ˜ˆ 

#futa #futanari #shemale #transsexual #futanari_waifus #dickgirl #realistic #hot #ai #Aiart #Aigiâ€¦","futa,futanari,shemale,transsexual,futanari_waifus,dickgirl,realistic,hot,ai,aiart",21,0,0,132,Unknown
1931750630760362466,2025-06-08 16:30:15,yrastmedia,"https://t.co/8hmDrQ2Pfa is now on sale. DM for best price.

#ai #agentic #agenticai #aigent #aifiend #botfiend #robotics https://t.co/FAHGtzjywv","ai,agentic,agenticai,aigent,aifiend,botfiend,robotics",0,1,0,426,Unknown
1931750632484221231,2025-06-08 16:30:15,Antz_fire,RT @RawDaddies: #nsfw #videoai #fuck #bear #grandpa #silverdaddy #fat #chubby #daddy #daddybear #mature #dilf #oldman #gay #cock #penis #stâ€¦,"nsfw,videoai,fuck,bear,grandpa,silverdaddy,fat,chubby,daddy,daddybear,mature,dilf,oldman,gay,cock,penis",121,0,0,190,Unknown
1931750638083346741,2025-06-08 16:30:16,kj201011,"Meet AgentAlgo â€“ where AI meets DeFi ğŸ¤–ğŸ’¸
The $AGENT token powers autonomous trading agents that:
âš¡ Analyze markets in real-time
ğŸ“ˆ Execute optimized strategies
ğŸ”’ Operate securely on-chain
Itâ€™s not hype â€” itâ€™s high-performance DeFi automation.
#AgentAlgo #DeFi #AI #Crypto","agentalgo,defi,ai,crypto",0,0,0,32,Unknown
1931750639014445083,2025-06-08 16:30:17,TrendingNewsBot,Innovatieve apple-ingenieur bill atkinson overleden op 74-jarige leeftijd https://t.co/foK28pof1c #Bill Atkinson #Apple #Macintosh #HyperCard #innovatie #Trending #Tech #Nieuws,"bill,apple,macintosh,hypercard,innovatie,trending,tech,nieuws",0,0,0,53,Netherlands
1931750646572875815,2025-06-08 16:30:18,sirisiri2023,#AI #AIã‚­ã‚¹ã€€#ãƒ•ãƒ¬ãƒ³ãƒã‚­ã‚¹ã€€#é•·æ¿±ã­ã‚‹ https://t.co/7F3QAxX9B0,"ai,aiã‚­ã‚¹,ãƒ•ãƒ¬ãƒ³ãƒã‚­ã‚¹,é•·æ¿±ã­ã‚‹",0,0,0,595,Unknown
1931750648225108262,2025-06-08 16:30:19,OKUNADEYUSUF,"RT @CESS_Storage: ğŸ“Œ This is the last thread. Reports and data summaries are being compiled.

ğŸ“¡ Follow our official channels to be the firstâ€¦",,5555,0,0,79,"Ilorin, Nigeria"
1931750653849649358,2025-06-08 16:30:20,meros00,"RT @ArJo_AI03: REX (Now Available in Patreon)

246 photos! Check it out now
Link in bioğŸ˜ƒ

Check out CraveU to find your AI boyfriend à´¦àµà´¦à´¿(Ëµâ€¦",,14,0,0,90,Worldwide 
1931750673659650379,2025-06-08 16:30:25,474284905Adam,"RT @w369jj: #ai #bara #cock #yaoi #ai #unclehobbies 
ç”»äº†å¥½å¤šæ–°çš„ï¼Œæ„Ÿå…´è¶£è¯·ä¸‰è¿ï¼Œæˆ‘å…¨éƒ¨éƒ½å‘å‡ºæ¥ç»™å¤§å®¶çœ‹ï¼ï¼
ğŸ˜„æœ‰å¥½æƒ³æ³•çš„å¯ä»¥ç•™è¨€ã€‚
ç‚¹èµå¤šçš„æˆ‘æ¥å¸®ä½ å®ç°å“¦ï¼ https://t.co/jKUonlULzO","ai,bara,cock,yaoi,ai,unclehobbies",148,0,0,5,Unknown
1931750675274228071,2025-06-08 16:30:25,KoiiArmy,"Big news! The @KoiiFoundation just rolled out a major upgrade to the @PrometheusSwarm, running 10x faster! ğŸš€ This means more bounties and rewards for node runners. With $KOII, your machine becomes a powerful #AI tool for the decentralized web! #crypto ğŸ’° https://t.co/UIkhyVJwbO","ai,crypto",0,0,0,33,Unknown
1931750682199204296,2025-06-08 16:30:27,XBit_vk,@DamiDefi #AI is king this cycle â€” SHC2 by @pluschain41213 blends AI utility with long-term vision. Hold tight for that 50x. ğŸ¤–ğŸš€,ai,0,0,0,26,Unknown
1931750697696952578,2025-06-08 16:30:31,tTechnoMarcel,@pstAsiatech RoboBrain 2.0 est une avancÃ©e impressionnante pour les robots humanoÃ¯des ! L'open-source accÃ©lÃ¨re vraiment l'innovation en IA. #MachineLearning,machinelearning,0,0,0,79,Paris
1931750699269849185,2025-06-08 16:30:31,anthony67833564,RT @friendlyslimeAI: #gay #bara #kemono #furry #ai #aiart #nsfw #BenBigger #ZenlessZoneZero https://t.co/ny9oZ8A9h7,"gay,bara,kemono,furry,ai,aiart,nsfw,benbigger,zenlesszonezero",70,0,0,49,Unknown
1931750701526331698,2025-06-08 16:30:32,DavidGerbandier,"RT @GeeksByGirls: ğŸ“¢ ALERTE #CONCOURS ! ğŸ“¢
On vous fait gagner un micro USB #UGREEN CM769 avec @UgreenFR ! ğŸ

Pour tenter ta chance : 
ğŸ”RT ceâ€¦","concours,ugreen",521,0,0,51,Unknown
